ID,CLASS
1017401.jpg,cow
1031491.jpg,cow
1032347.jpg,cow
1038920.jpg,cow
1041436.jpg,cow
1043085.jpg,cow
1052834.jpg,cow
1055961.jpg,cow
1065796.jpg,cow
1132076.jpg,horse
1194573.jpg,cow
1213290.jpg,elephant
1225904.jpg,cow
1257149.jpg,cow
1268249.jpg,spider
1283096.jpg,cow
1286507.jpg,cow
1296734.jpg,cow
1299699.jpg,cow
1317376.jpg,cow
1330730.jpg,cow
1339371.jpg,cow
1349593.jpg,cow
1351546.jpg,cow
1378704.jpg,cow
1407374.jpg,cow
1426220.jpg,cow
1434316.jpg,cow
1551107.jpg,cow
1570964.jpg,cow
1579254.jpg,cow
1611799.jpg,cow
1628464.jpg,cow
1685143.jpg,cow
1686420.jpg,cow
1688430.jpg,cow
1711307.jpg,cow
1726914.jpg,cow
1733362.jpg,cow
1782081.jpg,cow
1785022.jpg,elephant
1794019.jpg,cow
1824158.jpg,cow
1831807.jpg,cow
1855528.jpg,cow
1886427.jpg,cow
1904292.jpg,cow
1939295.jpg,cow
1976381.jpg,horse
1979012.jpg,cow
1997166.jpg,cow
2004264.jpg,cow
2010392.jpg,cow
2056462.jpg,cow
2082161.jpg,cow
2099848.jpg,cow
2129735.jpg,cow
2131877.jpg,cow
2149015.jpg,cow
2184085.jpg,cow
2211276.jpg,cow
2235708.jpg,cow
2243564.jpg,cow
2262506.jpg,cow
2273594.jpg,cow
2273946.jpg,cow
2274828.jpg,elephant
2279300.jpg,cow
2298998.jpg,cow
2307197.jpg,cow
2323599.jpg,cow
2343214.jpg,cow
2344707.jpg,cow
2348192.jpg,cow
2349369.jpg,cow
2354803.jpg,cow
2363971.jpg,cow
2433381.jpg,cow
2482822.jpg,cow
2502283.jpg,horse
2530919.jpg,cow
2538481.jpg,cow
2590903.jpg,cow
2639274.jpg,elephant
2650950.jpg,cow
2714069.jpg,elephant
2718937.jpg,cow
2743429.jpg,cow
2785922.jpg,cow
2795611.jpg,horse
2806411.jpg,cow
2834217.jpg,cow
2853995.jpg,cow
2893987.jpg,cow
2898589.jpg,cow
2905466.jpg,horse
2950825.jpg,cow
2964362.jpg,cow
2997081.jpg,elephant
3002692.jpg,cow
3088300.jpg,cow
3092908.jpg,elephant
3094546.jpg,horse
3185671.jpg,cow
3203994.jpg,cow
3234048.jpg,elephant
3308000.jpg,cow
3316256.jpg,cow
3328900.jpg,elephant
3329615.jpg,cow
3332649.jpg,cow
3352084.jpg,cow
3407235.jpg,cow
3407641.jpg,cow
3421809.jpg,cow
3455354.jpg,cow
3494160.jpg,elephant
3505962.jpg,cow
3539884.jpg,horse
3555861.jpg,cow
3573068.jpg,horse
3582132.jpg,horse
3611245.jpg,cow
3665776.jpg,cow
3670718.jpg,cow
3720515.jpg,cow
3785899.jpg,cow
3801238.jpg,cow
3830989.jpg,cow
3844992.jpg,cow
3857949.jpg,cow
3865772.jpg,elephant
3878689.jpg,cow
3886151.jpg,cow
3913902.jpg,cow
3983776.jpg,cow
4020357.jpg,cow
4035569.jpg,elephant
4043009.jpg,cow
4108893.jpg,cow
4260460.jpg,cow
4300228.jpg,cow
4305351.jpg,cow
4366262.jpg,cow
4399759.jpg,cow
4403061.jpg,cow
4417328.jpg,cow
4426027.jpg,cow
4449807.jpg,cow
4454418.jpg,cow
4464548.jpg,cow
4472244.jpg,horse
4478215.jpg,cow
4479494.jpg,cow
4487130.jpg,cow
4510475.jpg,cow
4537487.jpg,horse
4551454.jpg,cow
4569691.jpg,cow
4658436.jpg,cow
4685138.jpg,cow
4696997.jpg,cow
4785372.jpg,cow
4803116.jpg,cow
4835767.jpg,horse
4851062.jpg,cow
4857543.jpg,cow
4890427.jpg,cow
4925546.jpg,cow
4943863.jpg,horse
4949220.jpg,cow
5000254.jpg,cow
5012058.jpg,cow
5064781.jpg,cow
5066873.jpg,cow
5084435.jpg,cow
5101816.jpg,cow
5114463.jpg,cow
5210735.jpg,cow
5274064.jpg,cow
5277847.jpg,cow
5288793.jpg,cow
5301548.jpg,cow
5316308.jpg,cow
5333530.jpg,cow
5345329.jpg,elephant
5351598.jpg,cow
5360531.jpg,elephant
5383513.jpg,cow
5399194.jpg,cow
5407164.jpg,cow
5412459.jpg,cow
5427725.jpg,cow
5448654.jpg,cow
5449374.jpg,cow
5454641.jpg,horse
5465585.jpg,cow
5483691.jpg,cow
5532117.jpg,cow
5556572.jpg,cow
5565315.jpg,cow
5596098.jpg,horse
5626840.jpg,cow
5633390.jpg,cow
5683122.jpg,cow
5752836.jpg,cow
5848207.jpg,cow
5848258.jpg,cow
5856449.jpg,horse
5863375.jpg,horse
5870137.jpg,cow
5872431.jpg,cow
5898065.jpg,cow
5909095.jpg,cow
5925415.jpg,cow
5978618.jpg,cow
5980374.jpg,cow
5991922.jpg,cow
6025292.jpg,horse
6029630.jpg,cow
6049988.jpg,cow
6082460.jpg,cow
6090593.jpg,elephant
6092567.jpg,cow
6110477.jpg,cow
6143845.jpg,cow
6156553.jpg,cow
6160762.jpg,cow
6169846.jpg,horse
6200127.jpg,cow
6207866.jpg,cow
6209903.jpg,cow
6227413.jpg,cow
6250698.jpg,cow
6261422.jpg,cow
6272490.jpg,cow
6281872.jpg,cow
6294033.jpg,cow
6297024.jpg,cow
6311610.jpg,cow
6318751.jpg,cow
6346822.jpg,cow
6347693.jpg,cow
6365460.jpg,cow
6391610.jpg,cow
6400758.jpg,cow
6413559.jpg,cow
6440658.jpg,cow
6451566.jpg,cow
6458180.jpg,cow
6485770.jpg,elephant
6524048.jpg,cow
6526647.jpg,horse
6600381.jpg,cow
6686868.jpg,spider
6695351.jpg,horse
6701432.jpg,cow
6701864.jpg,horse
6742762.jpg,cow
6753533.jpg,spider
6753650.jpg,cow
6783818.jpg,cow
6797926.jpg,cow
6821332.jpg,cow
6830553.jpg,cow
6832474.jpg,cow
6842483.jpg,elephant
6842850.jpg,cow
6878423.jpg,cow
6934657.jpg,cow
6938046.jpg,horse
6942385.jpg,cow
6957453.jpg,cow
6960744.jpg,cow
6963564.jpg,cow
6981040.jpg,cow
7003591.jpg,cow
7035013.jpg,cow
7043797.jpg,cow
7052621.jpg,horse
7059474.jpg,cow
7105392.jpg,cow
7138793.jpg,horse
7157448.jpg,cow
7173586.jpg,cow
7180017.jpg,cow
7204325.jpg,cow
7209230.jpg,cow
7238931.jpg,cow
7289387.jpg,cow
7301526.jpg,cow
7311885.jpg,cow
7312567.jpg,cow
7330811.jpg,cow
7335078.jpg,cow
7349696.jpg,cow
7389799.jpg,cow
7439205.jpg,horse
7448818.jpg,cow
7470282.jpg,cow
7481592.jpg,cow
7485608.jpg,elephant
7514645.jpg,cow
7571956.jpg,cow
7575556.jpg,cow
7605523.jpg,cow
7613665.jpg,cow
7613895.jpg,cow
7614725.jpg,cow
7620386.jpg,cow
7626277.jpg,cow
7649226.jpg,cow
7655963.jpg,cow
7674964.jpg,cow
7687940.jpg,cow
7693608.jpg,cow
7711562.jpg,cow
7754445.jpg,cow
7758224.jpg,elephant
7768175.jpg,cow
7804995.jpg,cow
7877976.jpg,cow
7891646.jpg,cow
7905038.jpg,cow
7908679.jpg,horse
7913332.jpg,cow
7920771.jpg,cow
7940662.jpg,cow
7959877.jpg,cow
7984515.jpg,cow
8002278.jpg,cow
8009002.jpg,cow
8012280.jpg,cow
8022810.jpg,cow
8037183.jpg,cow
8085848.jpg,cow
8087899.jpg,horse
8090293.jpg,cow
8118306.jpg,cow
8122112.jpg,cow
8139808.jpg,cow
8168791.jpg,cow
8213483.jpg,cow
8232962.jpg,cow
8233425.jpg,cow
8238113.jpg,cow
8245620.jpg,cow
8289580.jpg,cow
8297892.jpg,cow
8323131.jpg,cow
8330266.jpg,cow
8330980.jpg,elephant
8335096.jpg,cow
8337538.jpg,cow
8352373.jpg,cow
8365868.jpg,cow
8370472.jpg,cow
8378144.jpg,cow
8392997.jpg,cow
8404958.jpg,cow
8442716.jpg,cow
8442850.jpg,horse
8461801.jpg,cow
8464232.jpg,horse
8467904.jpg,cow
8560058.jpg,cow
8651132.jpg,cow
8670581.jpg,cow
8693093.jpg,cow
8713082.jpg,cow
8714682.jpg,cow
8796076.jpg,cow
8799458.jpg,cow
8847068.jpg,cow
8881235.jpg,cow
8912624.jpg,cow
8939942.jpg,cow
8941714.jpg,horse
8948853.jpg,horse
8977348.jpg,cow
9011640.jpg,cow
9022348.jpg,cow
9063588.jpg,cow
9128188.jpg,cow
9134369.jpg,cow
9158601.jpg,cow
9161657.jpg,elephant
9191981.jpg,cow
9206001.jpg,cow
9232476.jpg,cow
9246925.jpg,cow
9273728.jpg,cow
9278348.jpg,cow
9281498.jpg,cow
9282272.jpg,cow
9300945.jpg,spider
9303878.jpg,cow
9353799.jpg,cow
9364050.jpg,cow
9368683.jpg,horse
9383163.jpg,cow
9389089.jpg,cow
9450925.jpg,cow
9453608.jpg,cow
9467517.jpg,cow
9467776.jpg,cow
9489942.jpg,cow
9492748.jpg,cow
9508384.jpg,elephant
9511319.jpg,cow
9531702.jpg,cow
9566875.jpg,cow
9569056.jpg,cow
9600264.jpg,cow
9612700.jpg,cow
9623293.jpg,cow
9701971.jpg,horse
9753611.jpg,horse
9778128.jpg,elephant
9845903.jpg,cow
9848968.jpg,cow
9857453.jpg,cow
9865461.jpg,cow
9871275.jpg,cow
9905934.jpg,cow
9917894.jpg,cow
1001395.jpg,elephant
1018287.jpg,elephant
1101518.jpg,cow
1152582.jpg,elephant
1179328.jpg,elephant
1266109.jpg,elephant
1399278.jpg,elephant
1401372.jpg,elephant
1405399.jpg,elephant
1474416.jpg,elephant
1498668.jpg,elephant
1532229.jpg,elephant
1621159.jpg,elephant
1708948.jpg,elephant
1720537.jpg,spider
1906707.jpg,elephant
1940380.jpg,elephant
2060894.jpg,elephant
2083102.jpg,elephant
2089142.jpg,elephant
2142284.jpg,elephant
2167168.jpg,elephant
2190304.jpg,elephant
2241716.jpg,elephant
2249408.jpg,elephant
2267657.jpg,elephant
2325534.jpg,elephant
2337446.jpg,elephant
2463343.jpg,elephant
2464711.jpg,elephant
2467594.jpg,elephant
2495775.jpg,elephant
2497049.jpg,elephant
2551627.jpg,elephant
2575805.jpg,elephant
2659503.jpg,elephant
2678309.jpg,elephant
2685708.jpg,elephant
2700940.jpg,elephant
2732582.jpg,elephant
2741860.jpg,elephant
2790386.jpg,elephant
2805027.jpg,elephant
2817633.jpg,elephant
2911402.jpg,elephant
2966927.jpg,elephant
2997145.jpg,elephant
3010993.jpg,elephant
3202000.jpg,elephant
3212481.jpg,elephant
3227065.jpg,elephant
3246546.jpg,elephant
3269774.jpg,elephant
3283313.jpg,elephant
3315885.jpg,elephant
3391270.jpg,elephant
3431944.jpg,elephant
3509868.jpg,elephant
3600098.jpg,elephant
3618967.jpg,elephant
3625554.jpg,elephant
3632124.jpg,elephant
3667403.jpg,elephant
3670283.jpg,elephant
3917315.jpg,elephant
3954712.jpg,elephant
4018467.jpg,elephant
4042291.jpg,cow
4121129.jpg,elephant
4131231.jpg,elephant
4155594.jpg,elephant
4193673.jpg,elephant
4224257.jpg,elephant
4242196.jpg,elephant
4254594.jpg,elephant
4282880.jpg,elephant
4319052.jpg,elephant
4319696.jpg,elephant
4335620.jpg,cow
4373470.jpg,elephant
4452079.jpg,elephant
4452830.jpg,horse
4489050.jpg,elephant
4517249.jpg,elephant
4532924.jpg,elephant
4563480.jpg,elephant
4580021.jpg,cow
4590447.jpg,elephant
4607020.jpg,elephant
4749794.jpg,elephant
4792616.jpg,elephant
4801805.jpg,horse
4953860.jpg,horse
5181937.jpg,elephant
5245283.jpg,elephant
5245739.jpg,elephant
5260332.jpg,cow
5329884.jpg,elephant
5353756.jpg,cow
5447608.jpg,elephant
5452357.jpg,elephant
5454796.jpg,elephant
5493937.jpg,elephant
5518166.jpg,elephant
5535613.jpg,elephant
5537628.jpg,cow
5654770.jpg,elephant
5664352.jpg,horse
5700586.jpg,elephant
5731346.jpg,elephant
5767654.jpg,elephant
5990501.jpg,elephant
6006413.jpg,elephant
6018842.jpg,elephant
6033680.jpg,elephant
6069599.jpg,elephant
6093049.jpg,elephant
6109947.jpg,elephant
6121867.jpg,elephant
6127062.jpg,elephant
6141447.jpg,elephant
6147166.jpg,elephant
6191668.jpg,elephant
6259695.jpg,elephant
6316130.jpg,horse
6341191.jpg,elephant
6346343.jpg,elephant
6351830.jpg,elephant
6363356.jpg,elephant
6434351.jpg,spider
6497916.jpg,elephant
6510504.jpg,horse
6521100.jpg,elephant
6564601.jpg,elephant
6578357.jpg,elephant
6579054.jpg,elephant
6613485.jpg,elephant
6622553.jpg,cow
6680721.jpg,elephant
6687479.jpg,elephant
6690292.jpg,elephant
6700517.jpg,elephant
6743715.jpg,elephant
6753952.jpg,elephant
6801306.jpg,elephant
6827928.jpg,elephant
7031419.jpg,elephant
7064775.jpg,elephant
7110847.jpg,horse
7254377.jpg,horse
7259754.jpg,elephant
7327374.jpg,elephant
7345217.jpg,elephant
7417621.jpg,cow
7430973.jpg,elephant
7457156.jpg,elephant
7462979.jpg,elephant
7493214.jpg,elephant
7535841.jpg,elephant
7578335.jpg,elephant
7648715.jpg,elephant
7688176.jpg,elephant
7762044.jpg,elephant
7817903.jpg,elephant
7836969.jpg,elephant
7882740.jpg,elephant
7900620.jpg,horse
7914215.jpg,elephant
7940849.jpg,elephant
7941009.jpg,elephant
7986780.jpg,elephant
8042130.jpg,elephant
8060881.jpg,elephant
8073120.jpg,elephant
8092882.jpg,elephant
8107721.jpg,elephant
8167709.jpg,elephant
8174923.jpg,elephant
8185180.jpg,spider
8231277.jpg,elephant
8304092.jpg,elephant
8327749.jpg,elephant
8337797.jpg,elephant
8464618.jpg,elephant
8464992.jpg,spider
8551625.jpg,elephant
8577509.jpg,elephant
8618054.jpg,elephant
8640847.jpg,elephant
8684930.jpg,elephant
8758932.jpg,elephant
8761285.jpg,elephant
8860816.jpg,elephant
8861351.jpg,elephant
8872114.jpg,elephant
8905967.jpg,elephant
8966535.jpg,elephant
9008689.jpg,elephant
9012722.jpg,elephant
9119783.jpg,elephant
9120565.jpg,elephant
9384046.jpg,elephant
9518939.jpg,elephant
9520009.jpg,elephant
9549244.jpg,elephant
9564204.jpg,elephant
9567027.jpg,elephant
9611191.jpg,horse
9631973.jpg,elephant
9701077.jpg,elephant
9735048.jpg,elephant
9761455.jpg,horse
9793436.jpg,elephant
9851634.jpg,elephant
9853527.jpg,elephant
9870505.jpg,elephant
9872275.jpg,elephant
9878526.jpg,elephant
9992025.jpg,elephant
9993045.jpg,elephant
9997423.jpg,elephant
1003697.jpg,horse
1027945.jpg,cow
1048308.jpg,horse
1072621.jpg,horse
1077075.jpg,horse
1098025.jpg,horse
1100973.jpg,horse
1117219.jpg,horse
1135715.jpg,horse
1152702.jpg,horse
1169047.jpg,horse
1198885.jpg,horse
1230926.jpg,horse
1245856.jpg,horse
1246118.jpg,elephant
1271147.jpg,spider
1295139.jpg,horse
1302473.jpg,horse
1318564.jpg,horse
1323340.jpg,horse
1335946.jpg,horse
1339944.jpg,cow
1369025.jpg,horse
1389507.jpg,horse
1434390.jpg,horse
1442028.jpg,horse
1489241.jpg,horse
1497450.jpg,horse
1530539.jpg,horse
1563430.jpg,horse
1568579.jpg,cow
1610940.jpg,horse
1631855.jpg,horse
1684853.jpg,horse
1697285.jpg,horse
1708179.jpg,horse
1723439.jpg,horse
1747150.jpg,cow
1751443.jpg,elephant
1754566.jpg,cow
1771895.jpg,horse
1800845.jpg,horse
1801517.jpg,horse
1807417.jpg,horse
1819256.jpg,horse
1833643.jpg,horse
1847743.jpg,horse
1873408.jpg,cow
1910166.jpg,horse
1913999.jpg,horse
1962135.jpg,horse
1962703.jpg,horse
2001231.jpg,horse
2009506.jpg,horse
2023758.jpg,horse
2093518.jpg,horse
2095545.jpg,horse
2126480.jpg,horse
2152788.jpg,horse
2185572.jpg,spider
2189883.jpg,horse
2198863.jpg,horse
2202584.jpg,elephant
2260106.jpg,horse
2267611.jpg,horse
2282644.jpg,horse
2293266.jpg,horse
2304427.jpg,horse
2313445.jpg,horse
2337219.jpg,horse
2337875.jpg,elephant
2347271.jpg,horse
2376411.jpg,horse
2400452.jpg,horse
2412573.jpg,horse
2448330.jpg,cow
2465297.jpg,horse
2467188.jpg,horse
2486762.jpg,horse
2531969.jpg,horse
2552722.jpg,horse
2566962.jpg,horse
2604762.jpg,horse
2618938.jpg,horse
2660290.jpg,horse
2679498.jpg,horse
2715775.jpg,horse
2722505.jpg,cow
2733941.jpg,horse
2748472.jpg,horse
2763859.jpg,horse
2817229.jpg,cow
2845783.jpg,cow
2857989.jpg,horse
2858626.jpg,horse
2861718.jpg,cow
2897629.jpg,horse
2909849.jpg,horse
2916453.jpg,horse
2954925.jpg,horse
2955161.jpg,horse
2996143.jpg,horse
3004336.jpg,cow
3053050.jpg,horse
3056336.jpg,horse
3086622.jpg,horse
3126915.jpg,horse
3147746.jpg,horse
3149611.jpg,horse
3157269.jpg,horse
3181773.jpg,horse
3189174.jpg,horse
3232597.jpg,horse
3264255.jpg,horse
3278975.jpg,horse
3294281.jpg,horse
3301378.jpg,cow
3321074.jpg,cow
3332496.jpg,horse
3333166.jpg,cow
3335225.jpg,horse
3346903.jpg,horse
3359135.jpg,horse
3365236.jpg,spider
3417238.jpg,horse
3428124.jpg,horse
3433316.jpg,horse
3447181.jpg,horse
3472713.jpg,cow
3508984.jpg,horse
3514221.jpg,horse
3541850.jpg,horse
3542541.jpg,elephant
3565416.jpg,elephant
3580473.jpg,horse
3595187.jpg,horse
3616382.jpg,horse
3629107.jpg,horse
3630690.jpg,horse
3630864.jpg,cow
3642144.jpg,horse
3646586.jpg,horse
3659186.jpg,horse
3668233.jpg,cow
3681201.jpg,horse
3710755.jpg,cow
3721981.jpg,cow
3727690.jpg,horse
3739627.jpg,horse
3746592.jpg,horse
3750861.jpg,cow
3759386.jpg,cow
3792483.jpg,horse
3809462.jpg,horse
3835075.jpg,horse
3836423.jpg,cow
3839882.jpg,horse
3842459.jpg,cow
3844779.jpg,horse
3845073.jpg,horse
3848579.jpg,elephant
3870980.jpg,horse
3871780.jpg,horse
3892269.jpg,horse
3895369.jpg,cow
3967587.jpg,cow
4006430.jpg,horse
4042617.jpg,horse
4048668.jpg,horse
4062178.jpg,horse
4062238.jpg,horse
4092532.jpg,horse
4103591.jpg,horse
4118425.jpg,cow
4121978.jpg,horse
4127020.jpg,horse
4177629.jpg,horse
4189091.jpg,horse
4209916.jpg,horse
4211827.jpg,horse
4216162.jpg,horse
4220221.jpg,cow
4239502.jpg,horse
4266516.jpg,horse
4285059.jpg,horse
4287962.jpg,elephant
4329538.jpg,horse
4402973.jpg,horse
4417961.jpg,horse
4419639.jpg,horse
4428475.jpg,horse
4474213.jpg,cow
4485250.jpg,horse
4541590.jpg,horse
4590739.jpg,horse
4619832.jpg,horse
4634942.jpg,horse
4640175.jpg,horse
4686215.jpg,horse
4721353.jpg,horse
4740588.jpg,horse
4805697.jpg,horse
4821463.jpg,horse
4827886.jpg,horse
4829131.jpg,horse
4829197.jpg,horse
4833725.jpg,horse
4849146.jpg,cow
4914087.jpg,horse
4952320.jpg,horse
4988857.jpg,horse
4991066.jpg,horse
4995583.jpg,cow
5013836.jpg,horse
5025424.jpg,cow
5038246.jpg,horse
5068524.jpg,horse
5087825.jpg,horse
5100097.jpg,horse
5104772.jpg,horse
5141247.jpg,cow
5160642.jpg,horse
5174537.jpg,horse
5209598.jpg,horse
5216861.jpg,horse
5243639.jpg,spider
5279046.jpg,horse
5302523.jpg,horse
5321785.jpg,horse
5329084.jpg,horse
5336057.jpg,cow
5344145.jpg,cow
5357849.jpg,horse
5372678.jpg,cow
5381912.jpg,horse
5398612.jpg,horse
5403821.jpg,horse
5426742.jpg,cow
5427837.jpg,horse
5463170.jpg,horse
5470130.jpg,horse
5476938.jpg,cow
5480502.jpg,horse
5495750.jpg,cow
5525003.jpg,horse
5547231.jpg,horse
5634725.jpg,horse
5653228.jpg,horse
5684371.jpg,horse
5709995.jpg,horse
5713958.jpg,cow
5729530.jpg,horse
5731909.jpg,horse
5745670.jpg,horse
5775392.jpg,horse
5806796.jpg,horse
5829829.jpg,horse
5838060.jpg,cow
5855422.jpg,horse
5919474.jpg,elephant
5933037.jpg,horse
5946812.jpg,horse
5973700.jpg,horse
6019261.jpg,horse
6027129.jpg,horse
6046211.jpg,cow
6055457.jpg,horse
6058093.jpg,horse
6073187.jpg,cow
6080396.jpg,horse
6092700.jpg,horse
6100420.jpg,horse
6133286.jpg,horse
6136951.jpg,horse
6137978.jpg,cow
6147674.jpg,horse
6181915.jpg,horse
6247606.jpg,horse
6253240.jpg,cow
6275576.jpg,horse
6276619.jpg,horse
6277899.jpg,spider
6333078.jpg,horse
6341338.jpg,horse
6345724.jpg,horse
6396080.jpg,horse
6406794.jpg,cow
6417963.jpg,horse
6420027.jpg,horse
6434033.jpg,cow
6434817.jpg,horse
6473071.jpg,horse
6478160.jpg,horse
6506921.jpg,horse
6513421.jpg,horse
6517068.jpg,cow
6534264.jpg,horse
6544555.jpg,horse
6593447.jpg,horse
6600829.jpg,horse
6612680.jpg,horse
6619271.jpg,horse
6621870.jpg,cow
6632938.jpg,horse
6659040.jpg,horse
6680253.jpg,spider
6689163.jpg,horse
6705159.jpg,elephant
6709779.jpg,horse
6744782.jpg,spider
6797524.jpg,horse
6798273.jpg,horse
6824014.jpg,horse
6835842.jpg,horse
6839263.jpg,cow
6844120.jpg,cow
6895389.jpg,horse
6906154.jpg,horse
6972736.jpg,horse
6980585.jpg,elephant
6990332.jpg,elephant
6994134.jpg,horse
7008140.jpg,horse
7014931.jpg,horse
7041624.jpg,horse
7060690.jpg,horse
7061430.jpg,horse
7074270.jpg,horse
7096335.jpg,horse
7134436.jpg,cow
7138045.jpg,horse
7197781.jpg,horse
7198756.jpg,horse
7224623.jpg,horse
7254916.jpg,horse
7302139.jpg,cow
7307187.jpg,spider
7377994.jpg,cow
7394386.jpg,horse
7402160.jpg,horse
7407467.jpg,horse
7446894.jpg,horse
7451648.jpg,cow
7455433.jpg,elephant
7464180.jpg,horse
7469128.jpg,horse
7473935.jpg,horse
7477389.jpg,horse
7485671.jpg,horse
7523910.jpg,horse
7531141.jpg,horse
7559586.jpg,horse
7568315.jpg,horse
7574080.jpg,horse
7579483.jpg,horse
7586185.jpg,horse
7596257.jpg,elephant
7602869.jpg,horse
7643643.jpg,horse
7645555.jpg,horse
7647787.jpg,horse
7674082.jpg,horse
7682921.jpg,horse
7702554.jpg,horse
7723099.jpg,cow
7731477.jpg,horse
7739157.jpg,cow
7772925.jpg,horse
7781580.jpg,horse
7786018.jpg,horse
7801883.jpg,horse
7810841.jpg,horse
7815124.jpg,horse
7817809.jpg,horse
7867318.jpg,horse
7911960.jpg,horse
7995469.jpg,horse
8008595.jpg,spider
8069342.jpg,cow
8070780.jpg,horse
8076348.jpg,horse
8107714.jpg,cow
8113418.jpg,horse
8120354.jpg,horse
8121758.jpg,horse
8136403.jpg,horse
8212719.jpg,horse
8221854.jpg,horse
8226679.jpg,horse
8240098.jpg,horse
8249730.jpg,horse
8255987.jpg,spider
8257454.jpg,cow
8269218.jpg,horse
8273264.jpg,horse
8299642.jpg,elephant
8326489.jpg,horse
8331154.jpg,horse
8359797.jpg,horse
8368552.jpg,horse
8382091.jpg,horse
8386902.jpg,cow
8448894.jpg,horse
8470580.jpg,horse
8502256.jpg,horse
8503708.jpg,horse
8516516.jpg,cow
8520365.jpg,horse
8526489.jpg,horse
8552060.jpg,horse
8555338.jpg,horse
8612598.jpg,horse
8631785.jpg,elephant
8639907.jpg,horse
8661247.jpg,cow
8668241.jpg,horse
8686403.jpg,horse
8760730.jpg,cow
8772052.jpg,horse
8773297.jpg,horse
8776295.jpg,horse
8785202.jpg,horse
8797131.jpg,cow
8799319.jpg,cow
8800161.jpg,horse
8802353.jpg,horse
8831173.jpg,horse
8844779.jpg,horse
8867084.jpg,horse
8896315.jpg,horse
8898763.jpg,horse
8929525.jpg,horse
8967285.jpg,horse
8985379.jpg,horse
9002260.jpg,horse
9016277.jpg,horse
9033182.jpg,horse
9034518.jpg,cow
9076784.jpg,horse
9107378.jpg,horse
9119734.jpg,cow
9128939.jpg,horse
9148070.jpg,horse
9151107.jpg,cow
9151713.jpg,horse
9153179.jpg,horse
9182734.jpg,horse
9197839.jpg,horse
9215548.jpg,horse
9216989.jpg,horse
9249083.jpg,cow
9257208.jpg,horse
9262988.jpg,horse
9285451.jpg,cow
9286110.jpg,horse
9312990.jpg,horse
9315492.jpg,cow
9330146.jpg,horse
9353434.jpg,spider
9356201.jpg,cow
9384243.jpg,horse
9397831.jpg,horse
9426096.jpg,horse
9428231.jpg,horse
9428401.jpg,horse
9431544.jpg,horse
9434749.jpg,horse
9511001.jpg,horse
9560347.jpg,horse
9561027.jpg,horse
9583370.jpg,cow
9585507.jpg,horse
9591259.jpg,horse
9629789.jpg,horse
9630983.jpg,horse
9638448.jpg,horse
9640007.jpg,horse
9658679.jpg,horse
9668956.jpg,horse
9690490.jpg,horse
9703378.jpg,horse
9703927.jpg,horse
9735299.jpg,horse
9772963.jpg,horse
9804788.jpg,horse
9811819.jpg,cow
9817451.jpg,cow
9825871.jpg,horse
9829695.jpg,horse
9857584.jpg,spider
9863040.jpg,horse
9904254.jpg,horse
9911593.jpg,horse
9929693.jpg,horse
9934812.jpg,horse
9961588.jpg,horse
1007728.jpg,spider
1010432.jpg,spider
1012134.jpg,spider
1039075.jpg,spider
1045164.jpg,cow
1055196.jpg,spider
1071906.jpg,cow
1092636.jpg,spider
1093116.jpg,spider
1094373.jpg,spider
1109421.jpg,spider
1148608.jpg,spider
1157141.jpg,spider
1158300.jpg,elephant
1171318.jpg,spider
1183972.jpg,spider
1209008.jpg,spider
1216560.jpg,spider
1217050.jpg,spider
1220956.jpg,spider
1228408.jpg,spider
1265937.jpg,spider
1274277.jpg,spider
1305228.jpg,spider
1311020.jpg,spider
1311744.jpg,cow
1336555.jpg,spider
1377461.jpg,spider
1389157.jpg,spider
1395346.jpg,spider
1397659.jpg,spider
1417136.jpg,spider
1450838.jpg,spider
1452468.jpg,spider
1513377.jpg,horse
1528391.jpg,spider
1529547.jpg,spider
1558497.jpg,spider
1560618.jpg,spider
1566572.jpg,spider
1574926.jpg,spider
1617776.jpg,spider
1647631.jpg,spider
1648653.jpg,spider
1661091.jpg,spider
1674528.jpg,spider
1674906.jpg,spider
1696535.jpg,spider
1717174.jpg,spider
1736937.jpg,spider
1739586.jpg,spider
1769890.jpg,spider
1772837.jpg,spider
1784198.jpg,spider
1794281.jpg,spider
1805705.jpg,spider
1854731.jpg,spider
1870477.jpg,spider
1899964.jpg,spider
1931519.jpg,spider
1942590.jpg,spider
1962815.jpg,spider
1987470.jpg,spider
2003096.jpg,cow
2008353.jpg,spider
2024427.jpg,spider
2032282.jpg,spider
2042168.jpg,spider
2054155.jpg,spider
2064315.jpg,spider
2078392.jpg,spider
2078883.jpg,spider
2107157.jpg,spider
2135664.jpg,spider
2142722.jpg,spider
2159002.jpg,spider
2160068.jpg,spider
2171970.jpg,spider
2208832.jpg,spider
2223264.jpg,spider
2224314.jpg,spider
2225095.jpg,spider
2275429.jpg,spider
2279936.jpg,spider
2284093.jpg,spider
2291921.jpg,spider
2304219.jpg,spider
2335334.jpg,spider
2359673.jpg,spider
2366975.jpg,spider
2414285.jpg,spider
2414680.jpg,spider
2441984.jpg,spider
2450503.jpg,spider
2467764.jpg,spider
2473532.jpg,spider
2474823.jpg,spider
2541457.jpg,spider
2546742.jpg,spider
2547601.jpg,spider
2559829.jpg,horse
2563029.jpg,spider
2597714.jpg,spider
2611602.jpg,spider
2626572.jpg,spider
2627336.jpg,spider
2638785.jpg,spider
2651088.jpg,spider
2688877.jpg,spider
2737299.jpg,spider
2753655.jpg,spider
2759327.jpg,spider
2768674.jpg,spider
2803629.jpg,spider
2858796.jpg,spider
2862278.jpg,spider
2876114.jpg,spider
2906838.jpg,spider
2916091.jpg,horse
2922548.jpg,spider
2965853.jpg,spider
2996467.jpg,spider
3047696.jpg,spider
3063939.jpg,spider
3079532.jpg,spider
3081113.jpg,spider
3113048.jpg,spider
3118732.jpg,spider
3126215.jpg,horse
3166735.jpg,spider
3171774.jpg,spider
3182516.jpg,spider
3185171.jpg,spider
3196162.jpg,spider
3223971.jpg,spider
3230300.jpg,spider
3247920.jpg,spider
3279945.jpg,spider
3299085.jpg,spider
3306184.jpg,spider
3309488.jpg,spider
3315710.jpg,spider
3324731.jpg,spider
3326858.jpg,spider
3358035.jpg,spider
3387488.jpg,horse
3389296.jpg,spider
3407330.jpg,spider
3410879.jpg,spider
3422649.jpg,spider
3449011.jpg,spider
3478448.jpg,spider
3490252.jpg,spider
3506721.jpg,cow
3519836.jpg,spider
3541773.jpg,spider
3546933.jpg,spider
3562393.jpg,spider
3580743.jpg,spider
3581354.jpg,cow
3626955.jpg,spider
3659223.jpg,spider
3674014.jpg,spider
3705537.jpg,spider
3707375.jpg,spider
3724431.jpg,spider
3742880.jpg,spider
3750785.jpg,spider
3756312.jpg,spider
3759185.jpg,horse
3791734.jpg,spider
3818641.jpg,spider
3851508.jpg,spider
3854167.jpg,spider
3876015.jpg,spider
3898593.jpg,cow
3932916.jpg,spider
3957669.jpg,spider
3960625.jpg,horse
3967117.jpg,spider
4069373.jpg,spider
4135321.jpg,spider
4135651.jpg,spider
4146599.jpg,spider
4163346.jpg,spider
4171260.jpg,spider
4171884.jpg,horse
4173647.jpg,spider
4187622.jpg,spider
4203406.jpg,elephant
4246418.jpg,spider
4272359.jpg,spider
4281421.jpg,spider
4298331.jpg,elephant
4299558.jpg,spider
4313576.jpg,spider
4394270.jpg,spider
4435960.jpg,spider
4502634.jpg,spider
4511108.jpg,spider
4544265.jpg,spider
4570109.jpg,spider
4588083.jpg,spider
4588677.jpg,spider
4593612.jpg,spider
4606808.jpg,spider
4629942.jpg,spider
4636621.jpg,spider
4644295.jpg,spider
4652879.jpg,spider
4662450.jpg,cow
4704391.jpg,spider
4708538.jpg,spider
4755672.jpg,spider
4758356.jpg,spider
4776961.jpg,spider
4782339.jpg,spider
4816694.jpg,spider
4828652.jpg,spider
4829075.jpg,spider
4830099.jpg,spider
4843358.jpg,spider
4869352.jpg,spider
4908294.jpg,spider
4908539.jpg,spider
4924083.jpg,spider
4927711.jpg,spider
4929602.jpg,spider
4949255.jpg,spider
4988811.jpg,spider
5028401.jpg,spider
5048789.jpg,spider
5077486.jpg,spider
5099584.jpg,spider
5113436.jpg,spider
5117463.jpg,spider
5129094.jpg,spider
5172495.jpg,spider
5187281.jpg,spider
5196232.jpg,spider
5201325.jpg,spider
5228438.jpg,spider
5229500.jpg,spider
5229993.jpg,spider
5242764.jpg,spider
5246427.jpg,spider
5262068.jpg,spider
5262344.jpg,spider
5277070.jpg,spider
5332039.jpg,spider
5333572.jpg,spider
5353125.jpg,spider
5356693.jpg,spider
5357107.jpg,spider
5371739.jpg,spider
5418039.jpg,spider
5431105.jpg,spider
5454117.jpg,spider
5480757.jpg,elephant
5497383.jpg,spider
5498690.jpg,spider
5498743.jpg,spider
5518248.jpg,spider
5526856.jpg,spider
5579182.jpg,spider
5595643.jpg,spider
5619377.jpg,spider
5623771.jpg,spider
5624627.jpg,spider
5629392.jpg,spider
5639330.jpg,spider
5646883.jpg,elephant
5673533.jpg,spider
5674578.jpg,spider
5717884.jpg,spider
5746593.jpg,spider
5783596.jpg,spider
5848457.jpg,spider
5874740.jpg,spider
5876616.jpg,spider
5888237.jpg,spider
5900963.jpg,spider
5903596.jpg,spider
5915141.jpg,spider
5924881.jpg,spider
5932822.jpg,spider
5947189.jpg,spider
5955840.jpg,elephant
5960825.jpg,spider
5975323.jpg,cow
5980854.jpg,spider
6023611.jpg,spider
6128047.jpg,horse
6128644.jpg,spider
6137301.jpg,spider
6139292.jpg,spider
6149655.jpg,spider
6206902.jpg,spider
6249783.jpg,spider
6273024.jpg,spider
6324050.jpg,spider
6368027.jpg,spider
6374764.jpg,spider
6395469.jpg,spider
6442263.jpg,spider
6444502.jpg,spider
6449424.jpg,spider
6464332.jpg,spider
6477495.jpg,spider
6542815.jpg,spider
6559882.jpg,spider
6576407.jpg,spider
6603743.jpg,spider
6629019.jpg,spider
6640610.jpg,spider
6657237.jpg,spider
6663359.jpg,spider
6666404.jpg,spider
6673925.jpg,spider
6678080.jpg,spider
6731994.jpg,spider
6732530.jpg,spider
6744768.jpg,spider
6777208.jpg,spider
6817913.jpg,horse
6874084.jpg,spider
6902526.jpg,spider
6906117.jpg,spider
6933298.jpg,spider
7034549.jpg,spider
7039972.jpg,spider
7040274.jpg,spider
7040791.jpg,spider
7051447.jpg,spider
7056020.jpg,spider
7122438.jpg,spider
7125363.jpg,spider
7134990.jpg,spider
7165291.jpg,spider
7177361.jpg,spider
7200876.jpg,spider
7220733.jpg,spider
7278167.jpg,spider
7321669.jpg,spider
7336914.jpg,spider
7417379.jpg,spider
7419232.jpg,spider
7435791.jpg,spider
7440835.jpg,spider
7447533.jpg,spider
7469582.jpg,spider
7484220.jpg,spider
7504576.jpg,spider
7513254.jpg,spider
7544541.jpg,spider
7550033.jpg,horse
7570871.jpg,spider
7574513.jpg,spider
7582835.jpg,spider
7583108.jpg,spider
7611327.jpg,spider
7621284.jpg,spider
7624221.jpg,spider
7670174.jpg,spider
7679956.jpg,spider
7684157.jpg,spider
7686198.jpg,spider
7688048.jpg,spider
7688343.jpg,spider
7688395.jpg,spider
7721031.jpg,spider
7726251.jpg,spider
7764114.jpg,spider
7774121.jpg,spider
7779402.jpg,spider
7782078.jpg,spider
7811457.jpg,spider
7813090.jpg,spider
7831036.jpg,horse
7837312.jpg,spider
7838630.jpg,spider
7883598.jpg,spider
7897233.jpg,spider
7929305.jpg,spider
7989593.jpg,spider
7994549.jpg,spider
7996356.jpg,spider
8009619.jpg,spider
8010492.jpg,spider
8017878.jpg,spider
8045742.jpg,spider
8052771.jpg,spider
8061989.jpg,spider
8068267.jpg,spider
8075112.jpg,spider
8093704.jpg,spider
8094613.jpg,spider
8138115.jpg,spider
8146206.jpg,spider
8168008.jpg,spider
8191536.jpg,spider
8194286.jpg,spider
8210609.jpg,spider
8213656.jpg,spider
8244529.jpg,spider
8275895.jpg,spider
8279731.jpg,spider
8294070.jpg,spider
8308020.jpg,spider
8308312.jpg,spider
8309846.jpg,spider
8317158.jpg,spider
8322646.jpg,spider
8331712.jpg,spider
8347414.jpg,spider
8380943.jpg,spider
8391080.jpg,spider
8393453.jpg,spider
8418247.jpg,spider
8481270.jpg,spider
8512697.jpg,spider
8512878.jpg,spider
8517714.jpg,horse
8521492.jpg,spider
8528140.jpg,spider
8551475.jpg,spider
8590476.jpg,spider
8611600.jpg,spider
8634692.jpg,spider
8704999.jpg,spider
8719988.jpg,spider
8728896.jpg,spider
8732058.jpg,elephant
8737557.jpg,spider
8757160.jpg,spider
8757779.jpg,spider
8867449.jpg,spider
8872787.jpg,spider
8883074.jpg,spider
8913259.jpg,spider
8969849.jpg,spider
8981307.jpg,spider
9007586.jpg,cow
9021599.jpg,spider
9026955.jpg,spider
9041089.jpg,spider
9052031.jpg,spider
9062569.jpg,horse
9074312.jpg,spider
9077677.jpg,spider
9080180.jpg,spider
9089911.jpg,spider
9107789.jpg,spider
9117245.jpg,spider
9141765.jpg,spider
9145023.jpg,spider
9146752.jpg,spider
9156285.jpg,spider
9161073.jpg,spider
9162455.jpg,spider
9164498.jpg,spider
9186612.jpg,cow
9214290.jpg,spider
9237916.jpg,spider
9276308.jpg,spider
9306100.jpg,spider
9308158.jpg,spider
9335982.jpg,spider
9358387.jpg,spider
9365666.jpg,spider
9388958.jpg,spider
9423621.jpg,spider
9439916.jpg,spider
9544035.jpg,spider
9565257.jpg,spider
9565759.jpg,spider
9571028.jpg,spider
9586962.jpg,spider
9603395.jpg,spider
9615122.jpg,spider
9636497.jpg,spider
9640141.jpg,spider
9653766.jpg,spider
9676654.jpg,spider
9719099.jpg,spider
9722727.jpg,spider
9749824.jpg,spider
9795692.jpg,spider
9827003.jpg,spider
9836458.jpg,spider
9839632.jpg,spider
9852904.jpg,spider
9942956.jpg,spider
9954828.jpg,spider
9964350.jpg,spider
9982597.jpg,spider
